Account Id,Account Login,Status,$metaType
raj,raj.patel,active,User Account
anita,anita.sharma,active,User Account
vikram,vikram.singh,active,User Account
sita,sita.verma,active,User Account
arjun,arjun.kumar,active,User Account
neha,neha.bansal,active,User Account
aman,aman.yadav,active,User Account
pooja,pooja.dixit,active,User Account
rahul,rahul.joshi,active,User Account
isha,isha.mishra,active,User Account
suresh,suresh.pandey,active,User Account
sunita,sunita.gupta,active,User Account
rohit,rohit.thakur,active,User Account
neeraj,neeraj.rawat,active,User Account
kajal,kajal.choudhary,active,User Account
akshay,akshay.singh,active,User Account
nisha,nisha.sharma,active,User Account
karthik,karthik.suresh,active,User Account
jyoti,jyoti.patel,active,User Account
deepak,deepak.yadav,active,User Account
manisha,manisha.kumar,active,User Account
ram,ram.patel,active,User Account
amar,amar.sharma,active,User Account
vishnu,vishnu.singh,active,User Account
shree,shree.verma,active,User Account
ajinkya,ajinkya.kumar,active,User Account
naman,naman.bansal,active,User Account
tushar,tushar.yadav,active,User Account
pravin,pravin.dixit,active,User Account
rohan,rohan.joshi,active,User Account
ishwar,ishwar.mishra,active,User Account
sudhir,sudhir.pandey,active,User Account
mahesh,mahesh.gupta,active,User Account
neeraja,neeraja.rawat,active,User Account
kagal,kagal.choudhary,active,User Account
amit,amit.singh,active,User Account
nitin,nitin.sharma,active,User Account
karthikey,karthikey.suresh,active,User Account
jayram,jayram.patel,active,User Account
dipali,dipali.yadav,active,User Account
monali,monali.kumar,active,User Account
